model,query,predicted_complexity,confidence,domain,reason,ground_truth_complexity,is_correct
gemma3:1b,What is the capital of France?,SIMPLE,0.95,GENERAL,The capital of France is Paris.,SIMPLE,True
gemma3:1b,Explain ship classification and statutory regulation,COMPLEX,0.9,TECHNICAL,"The query asks for a detailed explanation of ship classification and related statutory regulations, requiring in-depth knowledge and analysis. It involves complex legal frameworks and technical details.",COMPLEX,True
gemma3:1b,How does compound interest work?,SIMPLE,0.9,GENERAL,The query asks for a basic explanation of compound interest. It doesn't require specialized knowledge or complex reasoning.,SIMPLE,True
gemma3:1b,What are the symptoms of diabetes?,SIMPLE,0.9,GENERAL,"The query asks for the symptoms of diabetes, which is a general medical topic. It doesn't require specialized knowledge or complex reasoning.",SIMPLE,True
gemma3:1b,Solve the equation x^2 - 4x + 4 = 0,SIMPLE,0.95,Mathematics,The query asks to solve a quadratic equation. This is a fundamental mathematical problem requiring straightforward calculation.,SIMPLE,True
gemma3:1b,Describe the process of photosynthesis.,SIMPLE,0.9,GENERAL,The query asks for a general explanation of photosynthesis. It doesn't require specialized knowledge or complex reasoning. It’s a straightforward factual question.,SIMPLE,True
gemma3:1b,What are the main causes of climate change?,SIMPLE,0.8,GENERAL,"The query asks about a broad topic like climate change, which is a general scientific issue. It doesn't require specialized knowledge or complex analysis.",COMPLEX,False
gemma3:1b,Explain the theory of relativity.,COMPLEX,0.9,TECHNICAL,"The query asks for a detailed explanation of a complex scientific theory, requiring specialized knowledge and a thorough understanding of physics and mathematics. It implies a need for nuanced explanations and potentially multiple steps to understand.",COMPLEX,True
gemma3:1b,How do vaccines work?,SIMPLE,0.95,GENERAL,"The query asks for a basic explanation of how vaccines work, which falls under the general knowledge domain.",COMPLEX,False
gemma3:1b,What is quantum computing?,SIMPLE,0.9,GENERAL,The query asks for a basic explanation of quantum computing. It doesn't require specialized knowledge or deep analysis.,COMPLEX,False
gemma3:1b,What are the legal implications of breach of contract?,COMPLEX,0.9,LAW,"The query asks for the legal implications of a breach of contract, which requires a deep understanding of legal principles and precedents. It implies analysis and potentially complex reasoning.",COMPLEX,True
gemma3:1b,Describe the process of cellular respiration.,SIMPLE,0.95,GENERAL,The query asks for a general explanation of cellular respiration. It doesn't require specialized knowledge or complex analysis. It’s a straightforward question about a fundamental biological process.,SIMPLE,True
gemma3:1b,What are the different types of machine learning algorithms?,SIMPLE,0.9,GENERAL,The query asks for a general overview of machine learning algorithms. It doesn't require specialized knowledge or deep analysis. It’s a straightforward question about fundamental concepts.,COMPLEX,False
gemma3:1b,Explain the significance of the Magna Carta in legal history.,COMPLEX,0.9,LAW,"The Magna Carta is a foundational document in legal history, establishing key principles of individual rights and limiting royal power. It’s a complex legal document with numerous clauses and interpretations, requiring a deep understanding of historical context and legal precedent. It’s not just a simple factual explanation; it’s a landmark case with far-reaching implications.",COMPLEX,True
gemma3:1b,How does blockchain technology function?,SIMPLE,0.9,GENERAL,"The query asks for a basic explanation of blockchain technology, which is a widely understood concept. It doesn't require deep technical analysis or specialized knowledge.",COMPLEX,False
gemma3:1b,What are the key principles of constitutional law?,SIMPLE,0.9,LAW,"The query asks for fundamental principles, which are generally straightforward and easily understandable. It doesn't require deep analysis or specialized knowledge.",COMPLEX,False
gemma3:1b,Describe the water cycle in nature.,SIMPLE,0.9,GENERAL,"The water cycle is a natural process involving evaporation, condensation, precipitation, and collection. It’s a fundamental concept in Earth science and is generally understood without requiring deep analysis. It’s a straightforward explanation of a well-established phenomenon.",SIMPLE,True
gemma3:1b,What are the main functions of the human brain?,SIMPLE,0.9,GENERAL,"The query asks for a general overview of brain functions, which is a broad topic. It doesn't require specialized knowledge or deep analysis.",COMPLEX,False
gemma3:1b,Explain the concept of supply and demand in economics.,SIMPLE,0.9,GENERAL,The query asks for a basic explanation of a fundamental economic concept. It doesn't require advanced analysis or specialized knowledge.,SIMPLE,True
gemma3:1b,What are the different types of renewable energy sources?,SIMPLE,0.8,GENERAL,The query asks for a general overview of renewable energy sources. It doesn't require specialized knowledge or complex analysis. It’s a straightforward question about different types.,SIMPLE,True
gemma3:1b,How does the immune system protect the body from pathogens?,SIMPLE,0.9,GENERAL,"The query asks about a fundamental biological process, which generally requires basic knowledge. It doesn't require specialized expertise or complex reasoning.",COMPLEX,False
gemma3:1b,What are the legal rights of tenants in rental agreements?,COMPLEX,0.9,LAW,"The query asks for specific legal rights and their application, requiring detailed legal knowledge and interpretation. It involves understanding complex legal frameworks and precedents.",COMPLEX,True
gemma3:1b,Describe the process of DNA replication.,COMPLEX,0.9,TECHNICAL,"The query asks for a detailed explanation of a complex biological process, requiring technical knowledge and a structured explanation. It’s not a simple factual question, but rather a request for a detailed procedure.",COMPLEX,True
gemma3:1b,What are the main components of a computer system?,SIMPLE,0.9,GENERAL,The query asks for a general overview of computer system components. It doesn't require specialized knowledge or deep analysis.,SIMPLE,True
gemma3:1b,Explain the principles of criminal law.,COMPLEX,0.9,LAW,"The query asks for a detailed explanation of criminal law, which requires a significant understanding of legal principles, statutes, and case law. It implies a need for in-depth analysis rather than simple factual recall.",COMPLEX,True
gemma3:1b,What are the effects of global warming on ecosystems?,COMPLEX,0.9,ENVIRONMENTAL,"The query asks about the effects of a complex phenomenon – global warming – on ecosystems, requiring a detailed explanation of the potential impacts and their interconnectedness. It implies a need for nuanced understanding and analysis rather than simple recall of facts.",COMPLEX,True
gemma3:1b,How does the nervous system transmit signals?,SIMPLE,0.9,GENERAL,The nervous system transmits signals through electrical and chemical impulses. It’s a fundamental biological process with relatively straightforward explanations. It’s a basic question about how something works.,COMPLEX,False
gemma3:1b,What are the different types of financial markets?,SIMPLE,0.8,FINANCE,"The query asks about different financial markets, which is a relatively common topic and doesn’t require highly specialized knowledge. It’s a straightforward question about market types.",SIMPLE,True
gemma3:1b,Explain the concept of intellectual property law.,SIMPLE,0.9,GENERAL,"The query asks for a general explanation of intellectual property law. It doesn't require specialized knowledge or deep analysis, suggesting a basic understanding.",COMPLEX,False
gemma3:1b,Describe the process of mitosis in cell division.,COMPLEX,0.95,TECHNICAL,"The query asks for a detailed explanation of a biological process, requiring technical knowledge and a structured explanation of the mitosis process. It implies a need for precise terminology and a detailed explanation rather than a simple fact.",COMPLEX,True
gemma3:1b,Explain the bulking stress and what's its inpact on the heavy materials.,COMPLEX,0.9,TECHNICAL,"The query involves a detailed explanation of bulking stress and its impact on heavy materials, requiring specialized knowledge and analysis. It suggests a need for a thorough understanding of material science and engineering principles.",COMPLEX,True
gemma3:1b,What is Newton's first law of motion?,SIMPLE,0.95,GENERAL,"The query asks for a fundamental concept in physics, which falls under the general category of knowledge.",SIMPLE,True
gemma3:1b,How does a combustion engine work?,SIMPLE,0.9,GENERAL,"The query asks for a basic explanation of how a combustion engine works, which is a fundamental concept. It doesn't require advanced technical knowledge or complex reasoning.",COMPLEX,False
gemma3:1b,What is the difference between speed and velocity?,SIMPLE,0.8,GENERAL,The query asks for a basic explanation of the difference between speed and velocity. It doesn't require deep analysis or specialized knowledge.,SIMPLE,True
gemma3:1b,Explain the working principle of a nuclear reactor.,COMPLEX,0.9,TECHNICAL,"The query asks for a detailed explanation of a complex technical process, requiring specialized knowledge and a thorough explanation. It involves understanding nuclear physics and reactor design.",COMPLEX,True
gemma3:1b,What are the basic units of measurement in SI system?,SIMPLE,0.95,GENERAL,"The query asks for basic units of measurement, which is a fundamental concept in many areas. It doesn't require deep analysis or complex reasoning.",SIMPLE,True
gemma3:1b,How does machine learning differ from traditional programming?,SIMPLE,0.8,GENERAL,The query asks for a basic explanation of the differences between machine learning and traditional programming. It doesn't require deep analysis or complex reasoning. It’s a straightforward question about fundamental concepts.,COMPLEX,False
gemma3:1b,What is photosynthesis used for in plants?,SIMPLE,0.95,GENERAL,The query asks about a fundamental biological process. It’s a straightforward question requiring basic knowledge of plant life.,SIMPLE,True
gemma3:1b,Explain stress-strain behavior of ductile materials.,COMPLEX,0.9,TECHNICAL,"The query asks for a detailed explanation of stress-strain behavior, requiring specialized knowledge and analysis. It involves complex concepts and technical details, suggesting a higher level of understanding than simple factual recall.",COMPLEX,True
gemma3:1b,What is the purpose of an operating system?,SIMPLE,0.9,GENERAL,The purpose of an operating system is to manage computer hardware and software resources. It provides a platform for applications to run. This is a fundamental concept and doesn’t require deep analysis.,SIMPLE,True
gemma3:1b,How does finite element analysis help in structural design?,COMPLEX,0.9,TECHNICAL,"The query asks for a detailed explanation of finite element analysis (FEA) and its application to structural design. This requires a significant understanding of engineering principles and the specific techniques used, indicating a complex topic requiring in-depth explanation.",COMPLEX,True
gemma3:1b,What are the properties of an ideal gas?,SIMPLE,0.95,GENERAL,The query asks for a general overview of gas properties. It doesn't require specialized knowledge or complex reasoning.,SIMPLE,True
gemma3:1b,Explain the difference between AC and DC power transmission.,SIMPLE,0.9,TECHNICAL,"The query asks for a fundamental explanation of two power transmission methods. It implies a basic understanding of the concepts rather than in-depth analysis or specialized knowledge. Therefore, it’s classified as simple.",SIMPLE,True
gemma3:1b,How does corrosion affect marine structures?,COMPLEX,0.8,TECHNICAL,"The query asks for a detailed explanation of corrosion's impact on marine structures, requiring knowledge of materials science, engineering, and potential degradation mechanisms. It implies a need for a nuanced understanding rather than simple factual recall.",COMPLEX,True
gemma3:1b,What is the function of red blood cells?,SIMPLE,0.95,GENERAL,The query asks for a basic explanation of red blood cell function. It’s a straightforward question requiring factual recall.,SIMPLE,True
gemma3:1b,Explain the concept of entropy in thermodynamics.,SIMPLE,0.95,GENERAL,The query asks for a basic explanation of a thermodynamic concept. It doesn't require specialized knowledge or complex reasoning.,COMPLEX,False
gemma3:1b,What are renewable and non-renewable resources?,SIMPLE,0.8,GENERAL,"The query asks about basic resource types, which falls under the general knowledge category.",SIMPLE,True
gemma3:1b,How do tides affect ship operations?,SIMPLE,0.8,GENERAL,The query asks about a basic concept – tides and ship operations – which is a relatively straightforward question requiring factual information. It doesn't involve complex analysis or specialized knowledge.,COMPLEX,False
gemma3:1b,What is the role of classification societies in maritime safety?,SIMPLE,0.9,GENERAL,The query asks about a general topic – the role of classification societies. It doesn’t require specialized knowledge or complex analysis. It’s a straightforward question about a common practice.,COMPLEX,False
gemma3:1b,Explain fatigue failure and its significance in engineering design.,COMPLEX,0.9,TECHNICAL,"The query asks for a detailed explanation of fatigue failure and its impact on engineering design, requiring in-depth knowledge of engineering principles and failure mechanisms. It implies a need for analysis and understanding rather than simple recall of facts.",COMPLEX,True
